# 第7　暗黙の型変換

SQLの述語(first-order predicate logic)両側のデータ型が一致しない場合、TiDBは述語計算のため、片側か両側のデータ型を互換性のあるデータ型に暗黙に変更します。TiDBの暗黙の型変換規則には次のようなものがあります。

1. 1つか2つのパラメータがnullの場合、比較の結果はnullとなる（null安全の等値比較演算子<=>を除く。null<=>nullに対しては、結果はtrueとなり、変換を必要としない）。
2. 比較操作する2つのパラメータが文字列の場合、これらを文字列として比較する。
3. 2つのパラメータが整数の場合、これらを整数として比較する。
4. 数字と比較しない場合、16進数の値を2進数の文字列として扱う。
5. このうち1つのパラメータが10進数の値の場合、もう1つのパラメータの比較によって決定する。 もう1つのパラメータが10進数か整数の値の場合、パラメータを10進数の値と比較する。もう1つのパラメータが浮動小数点の値の場合、パラメータを浮動小数点の値と比較する。
6. このうち1つのパラメータが**TIMESTAMP**か**DATETIME**列、もう1つのパラメータが定数の場合、比較を行う前に定数をタイムスタンプに変換する。
7. その他の場合、パラメータを浮動小数点数（**double**型）として比較する。

暗黙の型変換はヒューマンコンピューターインタラクションの利用性を向上しますが、アプリケーションコードでは、可能な限り暗黙の型変換の発生を回避する必要があります。暗黙の型変換によって引き起こされる問題には次のようなものがあります。
- インデックス障害
- 精度低下

### 1. インデックス障害

次の例では、**account_id**は主キー、そのデータ型は**varchar**です。実行計画から分かるように、このSQLでは暗黙の型変換が発生し、インデックスが使用できなくなっています。

```
desc select * from account where account_id=6010000000009801;
+-------------------------+----------------+-----------+---------------+------------------------------------------------------------+
| id                      | estRows        | task      | access object | operator info                                              |
+-------------------------+----------------+-----------+---------------+------------------------------------------------------------+
| TableReader_7           | 8000628000.00  | root      |               | data:Selection_6                                           |
| └─Selection_6           | 8000628000.00  | cop[tikv] |               | eq(cast(findpt.account.account_id), 6.010000000009801e+15) |
|   └─TableFullScan_5     | 10000785000.00 | cop[tikv] | table:account | keep order:false                                           |
+-------------------------+----------------+-----------+---------------+------------------------------------------------------------+
3 rows in set (0.00 sec)
```

### 2. 精度低下 
   
次の例では、フィールドaのデータ型はdecimal(32,0)です。実行計画から分かるように、暗黙の型変換が発生しています。**decimal**フィールドと文字列定数が**double**型に変換され、**double**型の精度は**decimal**ほど高くなく、精度低下が発生しています。この例では、範囲外の結果セットがフィルタリングされるエラーが引き起こされています。

```
desc select * from t1 where a between '12123123' and  '1111222211111111200000';
+-------------------------+---------+-----------+---------------+-------------------------------------------------------------------------------------+
| id                      | estRows | task      | access object | operator info                                                                       |
+-------------------------+---------+-----------+---------------+-------------------------------------------------------------------------------------+
| TableReader_7           | 0.80    | root      |               | data:Selection_6                                                                    |
| └─Selection_6           | 0.80    | cop[tikv] |               | ge(cast(findpt.t1.a), 1.2123123e+07), le(cast(findpt.t1.a), 1.1112222111111112e+21) |
|   └─TableFullScan_5     | 1.00    | cop[tikv] | table:t1      | keep order:false, stats:pseudo                                                      |
+-------------------------+---------+-----------+---------------+-------------------------------------------------------------------------------------+
3 rows in set (0.00 sec)

MySQL [findpt]> select * from t1 where a between '12123123' and  '1111222211111111200000';
+------------------------+
| a                      |
+------------------------+
| 1111222211111111222211 |
+------------------------+
1 row in set (0.01 sec)
```
